0,E
1,E
2,E
3,E
4,E
5,E
6,W
7,E
8,E
9,E
10,E
11,E
12,E
13,W
14,E
15,E
16,E
17,E
18,E
19,E
20,W
21,E
22,E
23,E
24,E
25,E
26,E
27,W
28,E
29,E
30,E
31,E
32,E
33,E
34,W
35,E
36,E
37,E
38,E
39,E
40,E
41,W
42,L
43,E
44,E
45,L
46,E
47,E
48,L
49,E
50,E
51,E
52,E
53,E
54,E
55,W
56,E
57,E
58,E
59,E
60,E
61,E
62,W
63,E
64,E
65,E
66,E
67,E
68,E
69,W
70,E
71,E
72,E
73,E
74,E
75,E
76,W
77,E
78,E
79,E
80,E
81,E
82,E
83,W
84,E
85,E
86,E
87,E
88,E
89,E
90,W
91,L
92,E
93,E
94,L
95,E
96,E
97,L
98,E
99,E
100,E
101,E
102,E
103,E
104,W
105,E
106,E
107,E
108,E
109,E
110,E
111,W
112,E
113,E
114,E
115,E
116,E
117,E
118,W
119,E
120,E
121,E
122,E
123,E
124,E
125,W
126,E
127,E
128,E
129,E
130,E
131,E
132,W
133,E
134,E
135,E
136,E
137,E
138,E
139,W
140,L
141,E
142,E
143,L
144,E
145,E
146,L
147,E
148,E
149,E
150,N
151,E
152,E
153,W
154,E
155,E
156,E
157,E
158,E
159,E
160,W
161,E
162,E
163,E
164,E
165,E
166,E
167,W
168,E
169,E
170,E
171,E
172,E
173,E
174,W
175,E
176,E
177,E
178,E
179,E
180,E
181,W
182,E
183,E
184,E
185,E
186,E
187,E
188,W
189,L
190,E
191,E
192,L
193,E
194,E
195,L
196,E
197,E
198,E
199,E
200,E
201,E
202,W
203,E
204,E
205,E
206,E
207,E
208,E
209,W
210,E
211,E
212,E
213,E
214,E
215,E
216,W
217,E
218,E
219,E
220,E
221,E
222,E
223,W
224,E
225,E
226,E
227,E
228,E
229,E
230,W
231,E
232,E
233,E
234,E
235,E
236,E
237,W
238,L
239,E
240,E
241,L
242,E
243,E
244,L
245,E
246,E
247,E
248,E
249,E
250,E
251,W
252,E
253,E
254,E
255,E
256,W
257,E
258,W
259,E
260,E
261,E
262,E
263,E
264,E
265,W
266,E
267,E
268,E
269,E
270,E
271,E
272,W
273,E
274,E
275,E
276,E
277,E
278,E
279,W
280,E
281,E
282,E
283,E
284,E
285,E
286,W
287,L
288,E
289,E
290,L
291,E
292,E
293,L
294,E
295,E
296,E
297,E
298,E
299,E
300,W
301,E
302,E
303,E
304,N
305,E
306,E
307,W
308,E
309,E
310,E
311,E
312,E
313,E
314,W
315,E
316,E
317,E
318,E
319,E
320,E
321,W
322,E
323,E
324,E
325,E
326,E
327,E
328,W
329,E
330,E
331,E
332,E
333,E
334,E
335,W
336,L
337,E
338,E
339,L
340,E
341,E
342,L
343,E
344,E
345,E
346,E
347,E
348,E
349,W
350,E
351,E
352,E
353,E
354,E
355,E
356,W
357,E
358,E
359,E
360,N
361,E
362,E
363,W
364,E
365,E
366,E
367,E
368,E
369,E
370,W
371,E
372,E
373,E
374,E
375,E
376,E
377,W
378,E
379,E
380,E
381,E
382,E
383,E
384,W
385,L
386,E
387,E
388,L
389,E
390,E
391,L
392,E
393,E
394,E
395,E
396,E
397,E
398,W
399,E
400,E
401,E
402,E
403,E
404,E
405,W
406,E
407,E
408,E
409,E
410,E
411,E
412,W
413,E
414,E
415,E
416,N
417,E
418,E
419,W
420,E
421,E
422,E
423,E
424,E
425,E
426,W
427,E
428,E
429,E
430,E
431,E
432,E
433,W
434,L
435,E
436,E
437,L
438,E
439,E
440,L
441,E
442,E
443,E
444,E
445,E
446,E
447,W
448,E
449,E
450,E
451,E
452,E
453,E
454,W
455,E
456,E
457,E
458,E
459,E
460,E
461,W
462,E
463,E
464,E
465,E
466,E
467,E
468,W
469,E
470,E
471,E
472,N
473,E
474,E
475,W
476,E
477,E
478,E
479,E
480,E
481,E
482,W
483,L
484,E
485,E
486,L
487,E
488,E
489,L
490,E
491,E
492,E
493,E
494,E
495,E
496,W
497,E
498,E
499,E
500,E
501,E
502,E
503,W
504,E
505,E
506,E
507,E
508,E
509,E
510,W
511,E
512,E
513,E
514,E
515,E
516,E
517,W
518,E
519,E
520,E
521,E
522,E
523,E
524,W
525,E
526,E
527,E
528,W
529,E
530,E
531,W
532,L
533,E
534,E
535,L
536,E
537,E
538,L
539,E
540,E
541,E
542,E
543,E
544,E
545,W
546,E
547,E
548,E
549,E
550,E
551,E
552,W
553,E
554,E
555,E
556,E
557,E
558,E
559,W
560,E
561,E
562,E
563,E
564,E
565,E
566,W
567,E
568,E
569,E
570,E
571,E
572,E
573,W
574,E
575,E
576,L
577,E
578,E
579,E
580,W
581,L
582,E
583,E
584,L
585,E
586,E
587,L
588,E
589,E
590,E
591,E
592,E
593,E
594,W
595,E
596,E
597,E
598,E
599,E
600,E
601,W
602,E
603,E
604,E
605,E
606,E
607,E
608,W
609,E
610,E
611,E
612,E
613,E
614,E
615,W
616,E
617,E
618,E
619,E
620,E
621,E
622,W
623,E
624,E
625,S
626,E
627,E
628,E
629,W
630,L
631,E
632,E
633,L
634,E
635,E
636,L
637,E
638,E
639,E
640,E
641,E
642,E
643,W
644,E
645,E
646,E
647,E
648,E
649,E
650,W
651,E
652,E
653,E
654,E
655,E
656,E
657,W
658,E
659,E
660,E
661,E
662,E
663,E
664,W
665,E
666,E
667,N
668,E
669,E
670,E
671,W
672,E
673,E
674,E
675,E
676,E
677,E
678,W
679,L
680,E
681,E
682,L
683,E
684,E
685,L
686,E
687,E
688,E
689,E
690,E
691,E
692,W
693,E
694,E
695,E
696,E
697,E
698,E
699,W
700,E
701,E
702,E
703,E
704,E
705,E
706,W
707,E
708,E
709,E
710,E
711,E
712,E
713,W
714,E
715,E
716,E
717,E
718,E
719,E
720,W
721,E
722,E
723,N
724,E
725,E
726,E
727,W
728,L
729,E
730,E
731,L
732,E
733,E
734,L
735,E
736,E
737,E
738,E
739,E
740,E
741,W
742,E
743,E
744,E
745,E
746,E
747,E
748,W
749,E
750,E
751,E
752,E
753,E
754,E
755,W
756,E
757,E
758,E
759,E
760,E
761,E
762,W
763,E
764,E
765,E
766,E
767,E
768,E
769,W
770,E
771,E
772,E
773,E
774,E
775,E
776,W
777,L
778,E
779,W
780,L
781,E
782,E
783,L
784,E
785,E
786,E
787,E
788,E
789,E
790,W
791,E
792,E
793,E
794,E
795,E
796,E
797,W
798,E
799,E
800,E
801,E
802,E
803,E
804,W
805,E
806,E
807,E
808,E
809,E
810,E
811,W
812,E
813,E
814,E
815,E
816,E
817,E
818,W
819,E
820,E
821,E
822,E
823,E
824,E
825,W
826,L
827,W
828,E
829,L
830,E
831,E
832,L
833,L
834,L
835,L
836,L
837,L
838,L
839,L
840,L
841,L
842,L
843,L
844,L
845,L
846,L
847,L
848,L
849,L
850,L
851,L
852,L
853,L
854,L
855,L
856,L
857,L
858,L
859,L
860,L
861,L
862,L
863,L
864,L
865,L
866,L
867,L
868,L
869,L
870,L
871,L
872,L
873,L
874,L
875,L
876,L
877,L
878,L
879,L
880,L
881,L
